{
    "minR": -1702449.8517722064,
    "maxR": 1680074.7824837589,
    "minI": -1664799.1813794705,
    "maxI": 1702145.613004967
}