{
    "minR": -1665403.7449131699,
    "maxR": 1680330.7810638987,
    "minI": -1656937.767634418,
    "maxI": 1683935.8830278679
}