{
    "minR": -1411717.437415549,
    "maxR": 1400257.0790546315,
    "minI": -1474400.8054499708,
    "maxI": 1402302.0218564158
}