{
    "minR": -1673938.0366867443,
    "maxR": 1547505.263205876,
    "minI": -1648866.6956975013,
    "maxI": 1620503.932989868
}