{
    "minR": -1634931.9593616237,
    "maxR": 1637167.2523395324,
    "minI": -1558791.1507637985,
    "maxI": 1740456.6901025495
}