{
    "minR": -1647879.5437048199,
    "maxR": 1657222.334345289,
    "minI": -1654908.7900329644,
    "maxI": 1625762.7142255686
}