{
    "minR": -1717571.4041297678,
    "maxR": 1647632.9332228163,
    "minI": -1689513.4962439742,
    "maxI": 1678170.2881271339
}