{
    "minR": -1654429.6727955895,
    "maxR": 1734970.5089090832,
    "minI": -1619180.5348496886,
    "maxI": 1681332.301655033
}