{
    "minR": -1701803.0124171006,
    "maxR": 1567333.2591476503,
    "minI": -1578854.3919424096,
    "maxI": 1602625.6344801676
}