{
    "minR": -1632175.1141404253,
    "maxR": 1654163.7238046587,
    "minI": -1677546.601022042,
    "maxI": 1737726.4430730576
}