{
    "minR": -1646020.366281677,
    "maxR": 1592625.6903635547,
    "minI": -1697566.9842968949,
    "maxI": 1649870.5809145872
}