{
    "minR": -1663042.1692487567,
    "maxR": 1619807.59358057,
    "minI": -1640220.5857962843,
    "maxI": 1629348.0578228466
}