{
    "minR": -1611833.8914838354,
    "maxR": 1639123.3674882683,
    "minI": -1565019.073417415,
    "maxI": 1543593.3807647862
}