{
    "minR": -432991598.49916136,
    "maxR": 432463403.10280836,
    "minI": -423218298.78093314,
    "maxI": 431956988.1750944
}