{
    "minR": -1662157.3559321437,
    "maxR": 1677968.1988292024,
    "minI": -1662522.1499428754,
    "maxI": 1672672.7559656003
}