{
    "minR": -282505768.374061,
    "maxR": 344365592.94900364,
    "minI": -332867674.22765917,
    "maxI": 332119257.0994107
}